<?xml version="1.0"?>
<!--<!DOCTYPE metadata SYSTEM "http://www.esri.com/metadata/esriprof80.dtd">-->
<metadata xml:lang="en"><Esri><CreaDate>20100524</CreaDate><CreaTime>22024000</CreaTime><SyncOnce>TRUE</SyncOnce><MetaID>{D88D5BF6-7202-4A13-A9C6-3032FE1BB6B0}</MetaID></Esri><idinfo><citation><citeinfo><onlink Sync="TRUE">\\ASROCK\C$\Data\Lesson4PracticeExerciseA\MysteryStateCopy</onlink></citeinfo></citation></idinfo><distInfo><distributor><distorTran><onLineSrc><linkage Sync="TRUE">file://\\ASROCK\C$\Data\Lesson4PracticeExerciseA\MysteryStateCopy</linkage><protocol Sync="TRUE">Local Area Network</protocol></onLineSrc></distorTran></distributor></distInfo><dataqual><lineage><procstep><procdesc Sync="TRUE">Dataset copied.</procdesc><srcused Sync="TRUE">C:\Data\Lesson4PracticeExercise\MysteryState</srcused><procdate Sync="TRUE">20100524</procdate><proctime Sync="TRUE">21351000</proctime></procstep><procstep><procdesc Sync="TRUE">Dataset copied.</procdesc><srcused Sync="TRUE">C:\Data\Lesson4PracticeExerciseA\MysteryState</srcused><procdate Sync="TRUE">20100524</procdate><proctime Sync="TRUE">22024000</proctime></procstep></lineage></dataqual></metadata>
